VideoID,CommentDate,UserName,Comment,Like,ScrapeDate
qGc7rlA2omI,2024-08-20 02:12:46,@halimtalafuka9946,.,1,2026-05-16 10:11:50.438029
qGc7rlA2omI,2024-08-20 02:12:38,@halimtalafuka9946,.,1,2026-05-16 10:11:50.438030
PMuEX5Qbmzo,2024-08-15 00:35:08,@eddyrosyadie9925,Akhirnya suatu saat nanti kita akan kembali menggunakan istilah barter untuk bertransaksi dalam seluruh aktivitas kehidupan karena setelah semua sistem transaksi menggunakan digital dan oleh sekelompok elit penguasa dunia di matikan di situlah kita akan kembali ke kehidupan zaman purba😂,0,2026-05-16 10:11:30.115197
PMuEX5Qbmzo,2024-08-15 00:37:01,@eddyrosyadie9925,Akhirnya suatu saat nanti kita akan kembali menggunakan istilah barter untuk bertransaksi dalam seluruh aktivitas kehidupan karena setelah semua sistem transaksi menggunakan digital dan oleh sekelompok elit penguasa dunia di matikan di situlah kita akan kembali ke kehidupan zaman purba😂,0,2026-05-16 10:11:30.115279
PMuEX5Qbmzo,2024-08-15 00:37:56,@eddyrosyadie9925,Akhirnya suatu saat nanti kita akan kembali menggunakan istilah barter untuk bertransaksi dalam seluruh aktivitas kehidupan karena setelah semua sistem transaksi menggunakan digital dan oleh sekelompok elit penguasa dunia di matikan di situlah kita akan kembali ke kehidupan zaman purba😂,0,2026-05-16 10:11:30.115375
PMuEX5Qbmzo,2024-08-15 00:42:06,@eddyrosyadie9925,Akhirnya suatu saat nanti kita akan kembali menggunakan istilah barter untuk bertransaksi dalam seluruh aktivitas kehidupan karena setelah semua sistem transaksi menggunakan digital dan oleh sekelompok elit penguasa dunia di matikan di situlah kita akan kembali ke kehidupan zaman purba😂,0,2026-05-16 10:11:32.681397
PMuEX5Qbmzo,2024-08-15 00:44:21,@eddyrosyadie9925,Akhirnya suatu saat nanti kita akan kembali menggunakan istilah barter untuk bertransaksi dalam seluruh aktivitas kehidupan karena setelah semua sistem transaksi menggunakan digital dan oleh sekelompok elit penguasa dunia di matikan di situlah kita akan kembali ke kehidupan zaman purba😂,0,2026-05-16 10:11:33.937698
PMuEX5Qbmzo,2024-08-15 00:44:08,@eddyrosyadie9925,Akhirnya suatu saat nanti kita akan kembali menggunakan istilah barter untuk bertransaksi dalam seluruh aktivitas kehidupan karena setelah semua sistem transaksi menggunakan digital dan oleh sekelompok elit penguasa dunia di matikan di situlah kita akan kembali ke kehidupan zaman purba😂,0,2026-05-16 10:11:32.681370
CQr5wbSc-TI,2023-04-20 04:05:21,@detektifconan1903,"BI itu satu kompi sama ""Rothschild"" doyan cetak Uang Fiattttt ! Bondo dengkul ! Mana ada bank sifatnya ""sosial"". Modalnya cuma ""kertas yg nilainya terus menerus turun"" akhirnya rakyat yg pegang rupiah nilainya turun terus ! akibat BI tunduk sama"" Rothschild"" and america. Sadarlahhh !",0,2026-05-16 10:11:34.699792
YLq9NVWk23U,2023-04-20 04:03:24,@detektifconan1903,"BI itu satu kompi sama ""Rothschild"" doyan cetak Uang Fiattttt ! Bondo dengkul ! Mana ada bank sifatnya ""sosial"". Modalnya cuma ""kertas yg nilainya terus menerus turun"" akhirnya rakyat yg pegang rupiah nilainya turun terus ! akibat BI tunduk sama"" Rothschild"" and america. Sadarlahhh !",0,2026-05-16 10:11:39.628489
bEY5w3D9Zto,2023-04-20 04:03:01,@detektifconan1903,"BI itu satu kompi sama ""Rothschild"" doyan cetak Uang Fiattttt ! Bondo dengkul ! Mana ada bank sifatnya ""sosial"". Modalnya cuma ""kertas yg nilainya terus menerus turun"" akhirnya rakyat yg pegang rupiah nilainya turun terus ! akibat BI tunduk sama"" Rothschild"" and america. Sadarlahhh !",0,2026-05-16 10:11:41.184424
Bn_MTSqW3bE,2022-12-19 12:51:45,@bataraofficial8821,Bank di indonesia semua rampok..,0,2026-05-16 10:11:48.261153
Bn_MTSqW3bE,2022-12-19 12:51:58,@bataraofficial8821,Bank di indonesia semua rampok..,0,2026-05-16 10:11:48.261151
SxMdI5sabb0,2023-06-27 08:55:22,@surtanabadipohan3838,Betul,0,2026-05-16 10:11:19.608264
wMPGW76Iy9A,2022-12-05 21:40:32,@chuy0128,Betul,0,2026-05-16 10:11:42.834320
bEY5w3D9Zto,2022-12-05 13:05:30,@kurniawan3198,Betul,0,2026-05-16 10:11:41.184472
mODGGIy9JZE,2025-11-04 00:14:58,@marthahelenahutabarat4763,Betul,0,2026-05-16 10:11:16.644969
gU62EuPDWaY,2026-05-11 00:49:05,@AflianaAdes,Betul,0,2026-05-16 10:11:03.380851
gU62EuPDWaY,2026-05-08 08:44:33,@lecetneymar7627,Cash is King,0,2026-05-16 10:11:06.004963
mODGGIy9JZE,2025-11-04 09:52:49,@sisirider2739,Cash is King,0,2026-05-16 10:11:16.644929
wMPGW76Iy9A,2022-12-05 23:45:55,@sutediheriyonoBaladMaUng,Crypto fanatik,0,2026-05-16 10:11:43.999020
wMPGW76Iy9A,2022-12-05 23:45:28,@sutediheriyonoBaladMaUng,Crypto fanatik,0,2026-05-16 10:11:42.834347
bEY5w3D9Zto,2023-01-24 11:31:14,@pulangkampung1716,"GUBERNUR BI: sy bersumpah demi Negara Kesatuan RI,.Tidak mengeluarkan uang Rupiah setelah di bakar seluruh,Karena mata uang rupiah Rendah dan banyak Uang Palsu Di dunia",0,2026-05-16 10:11:41.184425
YLq9NVWk23U,2023-01-24 11:28:50,@pulangkampung1716,"GUBERNUR BI: sy bersumpah demi Negara Kesatuan RI,.Tidak mengeluarkan uang Rupiah setelah di bakar seluruh,Karena mata uang rupiah Rendah dan banyak Uang Palsu Di dunia",0,2026-05-16 10:11:39.628494
PMuEX5Qbmzo,2024-08-13 12:19:19,@sumajisumaji6721,Hadir,0,2026-05-16 10:11:33.937740
PMuEX5Qbmzo,2024-08-13 13:37:33,@NurSalim-StreetDev,Hadir,0,2026-05-16 10:11:33.937627
PMuEX5Qbmzo,2024-08-13 13:28:59,@SunartoSunarto-y3j,Hadir,0,2026-05-16 10:11:33.937666
gU62EuPDWaY,2026-05-11 10:08:56,@HafidzNuralam-b3k,Itu benar,0,2026-05-16 10:11:02.018926
gU62EuPDWaY,2026-05-11 10:08:28,@HafidzNuralam-b3k,Itu benar,0,2026-05-16 10:11:03.380754
KqjkU_AQCJE,2026-01-19 02:34:10,@pipingkasdu1550,Jaka sembung bawa golok,0,2026-05-16 10:11:38.100722
KqjkU_AQCJE,2026-01-19 02:34:45,@pipingkasdu1550,Jaka sembung bawa golok,0,2026-05-16 10:11:38.100672
ebkamQER1nM,2025-11-14 00:43:39,@iwandaud9078,"KELANGGKAAN UANG 20 rb, 10 rb, 5rb, akan terjadi...!!!, dipaksa transaksi dengan Q'ris...!!!",0,2026-05-16 10:11:10.048796
SxMdI5sabb0,2025-11-14 00:45:03,@iwandaud9078,"KELANGGKAAN UANG 20 rb, 10 rb, 5rb, akan terjadi...!!!, dipaksa transaksi dengan Q'ris...!!!",0,2026-05-16 10:11:18.368999
PMuEX5Qbmzo,2025-04-25 00:40:01,@pasebanwongagung2426,Keren,0,2026-05-16 10:11:27.583984
PMuEX5Qbmzo,2024-08-13 22:30:25,@AzKaNrelation-wf1pz,Keren,0,2026-05-16 10:11:31.375075
Bn_MTSqW3bE,2022-12-14 04:10:42,@myvivoy219,"Lg cari apk yg fitur tfnya cma ada scanpay n trima qris all payment tanpa ada norek dposit, jg bsa trima n scanpay Rp.1

Mksh",0,2026-05-16 10:11:49.586534
Bn_MTSqW3bE,2022-12-14 04:08:33,@myvivoy219,"Lg cari apk yg fitur tfnya cma ada scanpay n trima qris all payment tanpa ada norek dposit, jg bsa trima n scanpay Rp.1

Mksh",0,2026-05-16 10:11:49.586515
Bn_MTSqW3bE,2022-12-14 04:06:33,@myvivoy219,"Lg cari apk yg fitur tfnya cma ada scanpay n trima qris all payment tanpa ada norek dposit, jg bsa trima n scanpay Rp.1

Mksh",0,2026-05-16 10:11:49.586492
SxMdI5sabb0,2023-02-03 04:51:36,@NgomonginUang,Maksudnya? 🤔,0,2026-05-16 10:11:22.162518
SxMdI5sabb0,2023-02-19 03:40:48,@NgomonginUang,Maksudnya? 🤔,0,2026-05-16 10:11:20.949537
YLq9NVWk23U,2022-12-01 10:49:27,@thunder45bolt39,Mantap,2,2026-05-16 10:11:39.628548
Bn_MTSqW3bE,2022-12-27 06:21:36,@rizkyaretaka8047,Mantap,1,2026-05-16 10:11:45.580863
ebkamQER1nM,2025-11-09 04:19:52,@hendrydunai2719,Mantap,0,2026-05-16 10:11:11.266633
SxMdI5sabb0,2023-02-16 22:49:18,@theglorious1996,Mantap,1,2026-05-16 10:11:20.949563
ebkamQER1nM,2024-12-30 00:26:09,@DeckySuryano,Mantap,0,2026-05-16 10:11:11.266661
gU62EuPDWaY,2026-05-08 05:17:09,@RIZKIPADILAHMABA25,Mantap,0,2026-05-16 10:11:09.655638
PMuEX5Qbmzo,2024-08-14 08:43:39,@urielaja9973,"Masalah utamanya d listrik 😂, klo mokad mampus tu blockchain.",8,2026-05-16 10:11:31.374977
PMuEX5Qbmzo,2024-08-14 08:43:39,@urielaja9973,"Masalah utamanya d listrik 😂, klo mokad mampus tu blockchain.",8,2026-05-16 10:11:27.583967
PMuEX5Qbmzo,2024-08-13 12:32:47,@jefrichannel7071,New World Order,0,2026-05-16 10:11:33.937700
gU62EuPDWaY,2026-05-08 12:33:29,@purnomoaj_,New World Order,0,2026-05-16 10:11:03.380973
2VJpvtiC-hY,2022-12-06 07:08:20,@sheptian69,"Pasti biaya2 admin nya, enak kalau kaya india/cina banyak bonus nya 😆",1,2026-05-16 10:11:49.933333
CQr5wbSc-TI,2022-12-06 07:09:30,@sheptian69,"Pasti biaya2 admin nya, enak kalau kaya india/cina banyak bonus nya 😆",0,2026-05-16 10:11:34.699812
Bn_MTSqW3bE,2022-12-13 23:28:05,@ramadanaljan5348,Pembodohan,0,2026-05-16 10:11:49.586498
KqjkU_AQCJE,2026-01-18 05:50:34,@mclaoly,Pembodohan,0,2026-05-16 10:11:36.592946
wMPGW76Iy9A,2022-12-06 11:48:13,@yobikusmanto1552,Pi Network,0,2026-05-16 10:11:41.514474
mODGGIy9JZE,2025-11-01 15:46:58,@riyantototok2295,Pi Network,0,2026-05-16 10:11:17.874633
PMuEX5Qbmzo,2024-08-15 13:53:54,@noelnada5699,Pi Network,0,2026-05-16 10:11:28.837392
mODGGIy9JZE,2025-11-01 03:40:15,@opahaxel6638,Pi network,15,2026-05-16 10:11:17.874769
YLq9NVWk23U,2022-12-03 09:33:22,@wixdwiex7325,Pi network,2,2026-05-16 10:11:39.628568
ebkamQER1nM,2024-08-08 01:10:02,@dahlankhan86,Pi network to the moon,0,2026-05-16 10:11:15.117275
SxMdI5sabb0,2024-08-08 01:12:47,@dahlankhan86,Pi network to the moon,0,2026-05-16 10:11:19.608160
ebkamQER1nM,2025-11-15 00:22:57,@faisalruvfi3763,Selama ini pakai dompet digital bukan rupiah?,0,2026-05-16 10:11:10.048788
ebkamQER1nM,2025-11-15 00:23:52,@faisalruvfi3763,Selama ini pakai dompet digital bukan rupiah?,0,2026-05-16 10:11:10.048787
ebkamQER1nM,2025-11-15 00:25:17,@faisalruvfi3763,Selama ini pakai dompet digital bukan rupiah?,0,2026-05-16 10:11:10.048786
ebkamQER1nM,2025-11-15 00:25:41,@faisalruvfi3763,Selama ini pakai dompet digital bukan rupiah?,0,2026-05-16 10:11:10.048785
ebkamQER1nM,2025-11-15 00:22:46,@faisalruvfi3763,Selama ini pakai dompet digital bukan rupiah?,0,2026-05-16 10:11:10.048788
gU62EuPDWaY,2026-05-08 19:35:46,@astinaputrawb,Setuju,1,2026-05-16 10:11:04.719208
Bn_MTSqW3bE,2022-12-18 07:57:26,@prito1248,Setuju,3,2026-05-16 10:11:49.586526
KqjkU_AQCJE,2026-01-17 11:56:49,@awanangkasa1984,Setuju,0,2026-05-16 10:11:38.100641
Bn_MTSqW3bE,2022-12-30 04:28:49,@aktipisKW,Setuju,0,2026-05-16 10:11:45.580807
SxMdI5sabb0,2023-01-31 14:42:33,@Rmaulancau,Setuju,1,2026-05-16 10:11:23.424502
KqjkU_AQCJE,2026-01-24 13:49:59,@UpiAjah-p1c,Sistem dajjal,0,2026-05-16 10:11:35.344095
mODGGIy9JZE,2025-11-01 09:25:36,@TH-qu3zu,Sistem dajjal,1,2026-05-16 10:11:17.874696
gU62EuPDWaY,2026-05-11 04:19:01,@iyantea1,Sistem dajjal,0,2026-05-16 10:11:00.582960
SxMdI5sabb0,2023-01-30 01:42:40,@NgomonginUang,Terima kasih juga support dan apresiasinya 😁,0,2026-05-16 10:11:24.748032
SxMdI5sabb0,2023-01-29 08:03:24,@NgomonginUang,Terima kasih juga support dan apresiasinya 😁,1,2026-05-16 10:11:26.065949
SxMdI5sabb0,2023-01-30 02:10:49,@NgomonginUang,Terima kasih opini nya 😊👍,0,2026-05-16 10:11:24.748199
SxMdI5sabb0,2023-01-30 01:52:12,@NgomonginUang,Terima kasih opini nya 😊👍,0,2026-05-16 10:11:24.748083
SxMdI5sabb0,2023-01-30 02:04:11,@NgomonginUang,Terima kasih sudah beropini disini 😁,0,2026-05-16 10:11:24.748142
SxMdI5sabb0,2023-01-30 03:12:13,@NgomonginUang,Terima kasih sudah beropini disini 😁,0,2026-05-16 10:11:26.066058
SxMdI5sabb0,2023-02-04 02:36:59,@NgomonginUang,Terima kasih sumbang saran nya 😁,1,2026-05-16 10:11:22.162502
SxMdI5sabb0,2023-02-07 04:59:41,@NgomonginUang,Terima kasih sumbang saran nya 😁,0,2026-05-16 10:11:22.162451
SxMdI5sabb0,2023-01-30 02:57:35,@NgomonginUang,Terima kasih 😊👍,0,2026-05-16 10:11:26.065908
SxMdI5sabb0,2023-01-29 07:03:59,@NgomonginUang,Terima kasih 😊👍,0,2026-05-16 10:11:26.066084
PMuEX5Qbmzo,2024-08-14 11:03:17,@fraziers62,Tidak ada sistem yang sempurna🎉,3,2026-05-16 10:11:31.374978
PMuEX5Qbmzo,2024-08-14 11:03:17,@fraziers62,Tidak ada sistem yang sempurna🎉,3,2026-05-16 10:11:27.583968
SxMdI5sabb0,2023-01-29 07:33:21,@MATAPEDIATV,"Uang Digital currency itu sangat berbahaya !!!
Rencana gila elit dunia menguasai dunia
Penjelasan prof.Dr.ichannurdin noorsy
Pengamat politik dan ekonomi

https://m.youtube.com/watch?v=b3z7Rz0rpRo",0,2026-05-16 10:11:26.066048
SxMdI5sabb0,2023-01-29 07:32:55,@MATAPEDIATV,"Uang Digital currency itu sangat berbahaya !!!
Rencana gila elit dunia menguasai dunia
Penjelasan prof.Dr.ichannurdin noorsy
Pengamat politik dan ekonomi

https://m.youtube.com/watch?v=b3z7Rz0rpRo",0,2026-05-16 10:11:26.066210
SxMdI5sabb0,2023-01-29 07:32:42,@MATAPEDIATV,"Uang Digital currency itu sangat berbahaya !!!
Rencana gila elit dunia menguasai dunia
Penjelasan prof.Dr.ichannurdin noorsy
Pengamat politik dan ekonomi

https://m.youtube.com/watch?v=b3z7Rz0rpRo",0,2026-05-16 10:11:26.066242
SxMdI5sabb0,2023-01-29 07:32:02,@MATAPEDIATV,"Uang Digital currency itu sangat berbahaya !!!
Rencana gila elit dunia menguasai dunia
Penjelasan prof.Dr.ichannurdin noorsy
Pengamat politik dan ekonomi

https://m.youtube.com/watch?v=b3z7Rz0rpRo",1,2026-05-16 10:11:26.066265
SxMdI5sabb0,2023-01-29 07:32:20,@MATAPEDIATV,"Uang Digital currency itu sangat berbahaya !!!
Rencana gila elit dunia menguasai dunia
Penjelasan prof.Dr.ichannurdin noorsy
Pengamat politik dan ekonomi

https://m.youtube.com/watch?v=b3z7Rz0rpRo",0,2026-05-16 10:11:26.066057
SxMdI5sabb0,2023-01-29 07:31:04,@MATAPEDIATV,"Uang Digital currency itu sangat berbahaya !!!
Rencana gila elit dunia menguasai dunia
Penjelasan prof.Dr.ichannurdin noorsy
Pengamat politik dan ekonomi

https://m.youtube.com/watch?v=b3z7Rz0rpRo",0,2026-05-16 10:11:26.065986
SxMdI5sabb0,2023-01-29 07:33:41,@MATAPEDIATV,"Uang Digital currency itu sangat berbahaya !!!
Rencana gila elit dunia menguasai dunia
Penjelasan prof.Dr.ichannurdin noorsy
Pengamat politik dan ekonomi

https://m.youtube.com/watch?v=b3z7Rz0rpRo",0,2026-05-16 10:11:26.066044
SxMdI5sabb0,2023-01-29 07:30:50,@MATAPEDIATV,"Uang Digital currency itu sangat berbahaya !!!
Rencana gila elit dunia menguasai dunia
Penjelasan prof.Dr.ichannurdin noorsy
Pengamat politik dan ekonomi

https://m.youtube.com/watch?v=b3z7Rz0rpRo",0,2026-05-16 10:11:26.065987
SxMdI5sabb0,2023-01-29 07:31:43,@MATAPEDIATV,"Uang Digital currency itu sangat berbahaya !!!
Rencana gila elit dunia menguasai dunia
Penjelasan prof.Dr.ichannurdin noorsy
Pengamat politik dan ekonomi

https://m.youtube.com/watch?v=b3z7Rz0rpRo",0,2026-05-16 10:11:26.066092
SxMdI5sabb0,2023-01-29 07:34:11,@MATAPEDIATV,"Uang Digital currency itu sangat berbahaya !!!
Rencana gila elit dunia menguasai dunia
Penjelasan prof.Dr.ichannurdin noorsy
Pengamat politik dan ekonomi

https://m.youtube.com/watch?v=b3z7Rz0rpRo",0,2026-05-16 10:11:26.066080
SxMdI5sabb0,2024-08-12 06:20:16,@onepack1918,"Uang itu bentuk harta anda kan selain mobil dll. Artinya ada fisiknya, motor, mobil dan uang kertas itu sndiri.

Nah, kl digital, kan ngk ada fisiknya. Apa bukti kepemilikan anda?

Seandainya, catatan digital kepemilikan anda misalnya dihapus, maka anda akan kehilangan harta anda dlm sekejap.

Lalu anda mau apa? Nuntut ke sana n kemari agar harta yg tdk ada bntuk fisiknya itu kembali? Mmmm....  Coba kasih jawaban yg memuaskan.

Tks",0,2026-05-16 10:11:19.608159
SxMdI5sabb0,2024-08-12 06:18:10,@onepack1918,"Uang itu bentuk harta anda kan selain mobil dll. Artinya ada fisiknya, motor, mobil dan uang kertas itu sndiri.

Nah, kl digital, kan ngk ada fisiknya. Apa bukti kepemilikan anda?

Seandainya, catatan digital kepemilikan anda misalnya dihapus, maka anda akan kehilangan harta anda dlm sekejap.

Lalu anda mau apa? Nuntut ke sana n kemari agar harta yg tdk ada bntuk fisiknya itu kembali? Mmmm....  Coba kasih jawaban yg memuaskan.

Tks",0,2026-05-16 10:11:18.369071
Bn_MTSqW3bE,2022-12-25 14:46:00,@sriyonosayes,Up,0,2026-05-16 10:11:45.580897
PMuEX5Qbmzo,2024-08-13 13:17:44,@Seph2328,Up,1,2026-05-16 10:11:33.937681
gU62EuPDWaY,2026-05-12 03:05:56,@ttktttttk,"WAH GUE JADI TERINSPIRASI BUAT BIKIN SEMUA MIMPI INI TERWUJUD... TAPI TANPA TIPUAN COIN, PERANG DAN KEKERASAN SYARAT'NYA GAMPANG YAITU HAPUS SISTEM UANG FISIK YANG SANGAT TOLOL DAN PRIMITIF MENJADI UANG VIRTUAL GRATIS DAN UNLIMITED PERMANEN BUAT SEMUA MAHLUK LO KEBERATAN GUE BIKIN SENDIRI JUGA BISA SEMUA ORANG LAIN JUGA BISA.",0,2026-05-16 10:10:59.370796
SxMdI5sabb0,2026-05-12 03:03:40,@ttktttttk,"WAH GUE JADI TERINSPIRASI BUAT BIKIN SEMUA MIMPI INI TERWUJUD... TAPI TANPA TIPUAN COIN, PERANG DAN KEKERASAN SYARAT'NYA GAMPANG YAITU HAPUS SISTEM UANG FISIK YANG SANGAT TOLOL DAN PRIMITIF MENJADI UANG VIRTUAL GRATIS DAN UNLIMITED PERMANEN BUAT SEMUA MAHLUK LO KEBERATAN GUE BIKIN SENDIRI JUGA BISA SEMUA ORANG LAIN JUGA BISA.",0,2026-05-16 10:11:18.368985
gU62EuPDWaY,2026-05-08 06:22:04,@rezadindapamungkas,XRP,1,2026-05-16 10:11:07.247004
gU62EuPDWaY,2026-05-08 05:53:24,@laluyudhiirawan5841,XRP,0,2026-05-16 10:11:08.504181
PMuEX5Qbmzo,2024-09-11 13:26:18,@ciptasari7499,Yak beli cabe pkk emas dan byr parkir pkk perak 😅,0,2026-05-16 10:11:28.837396
PMuEX5Qbmzo,2024-09-11 13:26:25,@ciptasari7499,Yak beli cabe pkk emas dan byr parkir pkk perak 😅,0,2026-05-16 10:11:28.837396
KqjkU_AQCJE,2026-01-17 04:49:02,@abundance_889,"You'll own nothing, and you'll be happy""

Mereka sudah design jauh jauh hari Terstruktur sistematis dan massive dengan satu tujuannya kalau kata para pencari kebenaran",0,2026-05-16 10:11:38.100678
KqjkU_AQCJE,2026-01-17 04:48:35,@abundance_889,"You'll own nothing, and you'll be happy""

Mereka sudah design jauh jauh hari Terstruktur sistematis dan massive dengan satu tujuannya kalau kata para pencari kebenaran",6,2026-05-16 10:11:38.100708
KqjkU_AQCJE,2026-01-17 04:48:14,@abundance_889,"You'll own nothing, and you'll be happy""

Mereka sudah design jauh jauh hari Terstruktur sistematis dan massive dengan satu tujuannya kalau kata para pencari kebenaran",9,2026-05-16 10:11:38.100696
KqjkU_AQCJE,2026-01-17 04:47:19,@abundance_889,"You'll own nothing, and you'll be happy""

Mereka sudah design jauh jauh hari Terstruktur sistematis dan massive dengan satu tujuannya kalau kata para pencari kebenaran",0,2026-05-16 10:11:38.100681
KqjkU_AQCJE,2026-01-17 03:50:39,@-CHOD3t,cerdas sekali ❤ sistem ini mmg anti korupsi manipulasi hacker dan lain sebagainya. sistem adil dan transparan di blockchain.,0,2026-05-16 10:11:38.100715
KqjkU_AQCJE,2026-01-17 03:51:22,@-CHOD3t,cerdas sekali ❤ sistem ini mmg anti korupsi manipulasi hacker dan lain sebagainya. sistem adil dan transparan di blockchain.,0,2026-05-16 10:11:38.100716
KqjkU_AQCJE,2026-01-17 03:52:03,@-CHOD3t,cerdas sekali ❤ sistem ini mmg anti korupsi manipulasi hacker dan lain sebagainya. sistem adil dan transparan di blockchain.,0,2026-05-16 10:11:38.100716
wMPGW76Iy9A,2022-12-06 11:34:17,@titik_kosong.03,good,2,2026-05-16 10:11:42.834191
gU62EuPDWaY,2026-05-11 11:17:22,@RiansyhPutra-s1o,good,0,2026-05-16 10:10:59.372892
gU62EuPDWaY,2026-05-08 12:46:09,@techno-x1f,hoax,1,2026-05-16 10:11:04.719178
gU62EuPDWaY,2026-05-08 12:48:46,@techno-x1f,hoax,0,2026-05-16 10:11:06.004987
PMuEX5Qbmzo,2024-08-14 16:15:49,@albertus7779,"jangan dipake ya bang, oke 
gantinya apa bang klo nga cdbc",1,2026-05-16 10:11:31.374979
PMuEX5Qbmzo,2024-08-14 16:15:49,@albertus7779,"jangan dipake ya bang, oke 
gantinya apa bang klo nga cdbc",1,2026-05-16 10:11:27.583969
SxMdI5sabb0,2023-01-29 06:48:44,@hopangga,"kalau masih diatur bank central menurutku sama aja, cuman pihak atas punya kontrol lebih dengan uang kita yang berbentuk nominal digit.
bakalan masih ada inflasi karena gak ada standar moneter, value uangnya cuman berdasarkan kepercayaan ke bank central.",5,2026-05-16 10:11:27.175240
SxMdI5sabb0,2023-01-29 06:48:49,@hopangga,"kalau masih diatur bank central menurutku sama aja, cuman pihak atas punya kontrol lebih dengan uang kita yang berbentuk nominal digit.
bakalan masih ada inflasi karena gak ada standar moneter, value uangnya cuman berdasarkan kepercayaan ke bank central.",11,2026-05-16 10:11:26.066055
PMuEX5Qbmzo,2024-08-30 16:30:22,@gusticomaria5593,kalau saya GX setuju,0,2026-05-16 10:11:28.837322
PMuEX5Qbmzo,2024-08-30 16:28:58,@gusticomaria5593,kalau saya GX setuju,0,2026-05-16 10:11:28.837323
gU62EuPDWaY,2026-05-08 10:30:19,@adesubagja6298,ok,0,2026-05-16 10:11:04.719241
gU62EuPDWaY,2026-05-08 14:21:35,@GeoSpt88,ok,0,2026-05-16 10:11:03.380876
gU62EuPDWaY,2026-05-08 15:47:50,@BlackButterfly27,oke,0,2026-05-16 10:11:03.380797
PMuEX5Qbmzo,2024-08-14 06:37:32,@zakuroim0,oke,0,2026-05-16 10:11:31.374976
PMuEX5Qbmzo,2024-08-14 06:37:32,@zakuroim0,oke,0,2026-05-16 10:11:27.583966
PMuEX5Qbmzo,2024-08-13 12:11:26,@JoshRafG,pi network scam,2,2026-05-16 10:11:33.937749
PMuEX5Qbmzo,2024-08-13 14:42:49,@JoshRafG,pi network scam,1,2026-05-16 10:11:33.937616
PMuEX5Qbmzo,2024-08-13 14:39:21,@JoshRafG,scam,0,2026-05-16 10:11:33.937605
PMuEX5Qbmzo,2024-08-13 12:25:36,@JoshRafG,scam,1,2026-05-16 10:11:33.937713
PMuEX5Qbmzo,2024-08-13 14:29:26,@JoshRafG,scam,0,2026-05-16 10:11:32.681418
PMuEX5Qbmzo,2024-08-14 08:02:34,@badutmasakini2312,tapi dirimu ga tau kan bang? ada rencana besar untuk shudown internet. masih rumor sih.,5,2026-05-16 10:11:27.583966
PMuEX5Qbmzo,2024-08-14 08:02:34,@badutmasakini2312,tapi dirimu ga tau kan bang? ada rencana besar untuk shudown internet. masih rumor sih.,5,2026-05-16 10:11:31.374977
PMuEX5Qbmzo,2024-08-14 06:24:36,@JoshRafG,"⚠⚠ TAMBAHAN INFO, WAJIB BACA
1️⃣Banyak yang bilang kalau blockchain tidak bisa di HACK. Yes esensi dari blockchain sendiri sebenarnya datang dari Bitcoin, yang dimana networknya diamankan dengan jutaan komputer yang tersebar meluas diseluruh dunia (mereka adalah penambang bitcoin). Blockchain seperti Bitcoin ini disebut DECENTRALIZED BLOCKCHAIN dan ini MUSTAHIL untuk di hack. Kalo mau hack, harus hack semua komputernya (at least 51% komputer yang tersebar)

CBDC sangat berbeda karena dia tidak DECENTRALIZED, melainkan SANGAT CENTRALIZED. Di mana tidak ada komputer yang tersebar merata di seluruh dunia, melainkan cuman ada di 1 titik pusat yaitu di BANK SENTRAL. Jadi bila Bank Sentral di HACK, semua jaringan CBDC akan sangat mudah diobrak abrik.

2️⃣CBDC bukan kripto seperti BTC yang kalian beli. CBDC itu nanti bentukannya kayak rupiah biasa dengan nama E-Rupiah. Persis sama kayak kalian pake uang kalian yang ada di rekening bank. Bedanya cuman sistem di baliknya. Penggunaannya akan sama persis seperti bank digital biasa

Kalau kalian terbantu dengan video ini, boleh banget donasi ke --> https://saweria.co/joshrafg
Help me buy a mclaren",75,2026-05-16 10:11:27.583957
PMuEX5Qbmzo,2024-08-14 06:24:36,@JoshRafG,"⚠⚠ TAMBAHAN INFO, WAJIB BACA
1️⃣Banyak yang bilang kalau blockchain tidak bisa di HACK. Yes esensi dari blockchain sendiri sebenarnya datang dari Bitcoin, yang dimana networknya diamankan dengan jutaan komputer yang tersebar meluas diseluruh dunia (mereka adalah penambang bitcoin). Blockchain seperti Bitcoin ini disebut DECENTRALIZED BLOCKCHAIN dan ini MUSTAHIL untuk di hack. Kalo mau hack, harus hack semua komputernya (at least 51% komputer yang tersebar)

CBDC sangat berbeda karena dia tidak DECENTRALIZED, melainkan SANGAT CENTRALIZED. Di mana tidak ada komputer yang tersebar merata di seluruh dunia, melainkan cuman ada di 1 titik pusat yaitu di BANK SENTRAL. Jadi bila Bank Sentral di HACK, semua jaringan CBDC akan sangat mudah diobrak abrik.

2️⃣CBDC bukan kripto seperti BTC yang kalian beli. CBDC itu nanti bentukannya kayak rupiah biasa dengan nama E-Rupiah. Persis sama kayak kalian pake uang kalian yang ada di rekening bank. Bedanya cuman sistem di baliknya. Penggunaannya akan sama persis seperti bank digital biasa

Kalau kalian terbantu dengan video ini, boleh banget donasi ke --> https://saweria.co/joshrafg
Help me buy a mclaren",75,2026-05-16 10:11:31.374975
gU62EuPDWaY,2026-05-08 05:16:18,@RizkiPermana-w3n,❤,0,2026-05-16 10:11:09.655639
PMuEX5Qbmzo,2024-08-14 02:08:21,@presendday2111,❤,0,2026-05-16 10:11:31.375021
PMuEX5Qbmzo,2024-08-14 04:04:04,@udinwijaya6016,❤,0,2026-05-16 10:11:31.375003
PMuEX5Qbmzo,2024-08-13 13:59:02,@syamsulanam906,👍,0,2026-05-16 10:11:33.937603
SxMdI5sabb0,2023-02-06 11:59:48,@BATUR_SENJA_CHANNEL,👍,1,2026-05-16 10:11:22.162457
SxMdI5sabb0,2023-02-05 14:30:21,@Rappung9,👍,1,2026-05-16 10:11:22.162472
gU62EuPDWaY,2026-05-09 11:31:59,@cacaaja3457,😂😂😂,0,2026-05-16 10:11:07.246964
mODGGIy9JZE,2025-11-02 09:29:28,@ecce.3283,😂😂😂,0,2026-05-16 10:11:17.874666
ebkamQER1nM,2024-08-07 23:49:07,@erwanpramono7884,😂😂😂,0,2026-05-16 10:11:16.373995
KqjkU_AQCJE,2026-01-18 14:12:04,@MudhitaCahaya,😂😂😂,0,2026-05-16 10:11:36.592883
